Page URL,Custom Label
https://werkenbij.ggzingeest.nl/vacatures/psychiater-polikliniek-jongvolwassenen/?utm_source=google&utm_medium=cpc&utm_campaign=job_feed,Psychiater
https://werkenbij.ggzingeest.nl/vacatures/basisarts-bipolaire-stoornissen-1/?utm_source=google&utm_medium=cpc&utm_campaign=job_feed,Arts
https://werkenbij.ggzingeest.nl/vacatures/coordinator-inkoop-contractmanagement/?utm_source=google&utm_medium=cpc&utm_campaign=job_feed,Zorg
https://werkenbij.ggzingeest.nl/vacatures/gz-psycholoog-kortdurende-basis-ggz-3/?utm_source=google&utm_medium=cpc&utm_campaign=job_feed,Psycholoog
https://werkenbij.ggzingeest.nl/vacatures/nachtdienst-high-intensive-care/?utm_source=google&utm_medium=cpc&utm_campaign=job_feed,Verpleegkundige
https://werkenbij.ggzingeest.nl/vacatures/gz-psycholoog-fact-slotervaart-2/?utm_source=google&utm_medium=cpc&utm_campaign=job_feed,Psycholoog
https://werkenbij.ggzingeest.nl/vacatures/psychiater-fact-haarlemmermeer/?utm_source=google&utm_medium=cpc&utm_campaign=job_feed,Psychiater
https://werkenbij.ggzingeest.nl/vacatures/psychiater-poli-angst-en-dwang/?utm_source=google&utm_medium=cpc&utm_campaign=job_feed,Psychiater
https://werkenbij.ggzingeest.nl/vacatures/ambulant-verpleegkundigebegeleider-ii-voor-fact-ouderen-haarlem/?utm_source=google&utm_medium=cpc&utm_campaign=job_feed,Verpleegkundige
https://werkenbij.ggzingeest.nl/vacatures/ambulant-verpleegkundigebegeleider-fact-ouderen-amsterdam-zuid/?utm_source=google&utm_medium=cpc&utm_campaign=job_feed,Verpleegkundige
https://werkenbij.ggzingeest.nl/vacatures/psychiater-kortdurende-basis-ggz-hope/?utm_source=google&utm_medium=cpc&utm_campaign=job_feed,Psychiater
https://werkenbij.ggzingeest.nl/vacatures/klinisch-psycholoogpsychotherapeut-polikliniek-bipolaire-stoornissen-topggz/?utm_source=google&utm_medium=cpc&utm_campaign=job_feed,Psycholoog
https://werkenbij.ggzingeest.nl/vacatures/physician-assistant-vervolgkliniek/?utm_source=google&utm_medium=cpc&utm_campaign=job_feed,Zorg
https://werkenbij.ggzingeest.nl/vacatures/ervaringsdeskundige-ggz/?utm_source=google&utm_medium=cpc&utm_campaign=job_feed,Ervaringsdeskundige
https://werkenbij.ggzingeest.nl/vacatures/verpleegkundig-specialist-hope-basis-ggz-5/?utm_source=google&utm_medium=cpc&utm_campaign=job_feed,Specialist
https://werkenbij.ggzingeest.nl/vacatures/gz-psycholoog-fact-amstelland-2/?utm_source=google&utm_medium=cpc&utm_campaign=job_feed,Psycholoog
https://werkenbij.ggzingeest.nl/vacatures/gz-psycholoog-fact-amstelveen-2/?utm_source=google&utm_medium=cpc&utm_campaign=job_feed,Psycholoog
https://werkenbij.ggzingeest.nl/vacatures/gz-psycholoog-of-psychotherapeut-queer-polikliniek/?utm_source=google&utm_medium=cpc&utm_campaign=job_feed,Psycholoog
https://werkenbij.ggzingeest.nl/vacatures/gzpsycholoog-polikliniek-bipolaire-stoornissen-topggz-hoofddorp-of-amsterdam/?utm_source=google&utm_medium=cpc&utm_campaign=job_feed,Psycholoog
https://werkenbij.ggzingeest.nl/vacatures/gz-psycholoog-jovo/?utm_source=google&utm_medium=cpc&utm_campaign=job_feed,Psycholoog
https://werkenbij.ggzingeest.nl/vacatures/klinisch-psycholoog-fact-amstelveen-amstelland/?utm_source=google&utm_medium=cpc&utm_campaign=job_feed,Psycholoog
https://werkenbij.ggzingeest.nl/vacatures/gz-psycholoog-polikliniek-jongvolwassenen-2-3/?utm_source=google&utm_medium=cpc&utm_campaign=job_feed,Psycholoog
https://werkenbij.ggzingeest.nl/vacatures/gz-psycholoog-ptss-5/?utm_source=google&utm_medium=cpc&utm_campaign=job_feed,Psycholoog
https://werkenbij.ggzingeest.nl/vacatures/opleiding-tot-verpleegkundig-specialist-ggz-2-3/?utm_source=google&utm_medium=cpc&utm_campaign=job_feed,Specialist
https://werkenbij.ggzingeest.nl/vacatures/psychiater-mamakits-en-basis-ggz/?utm_source=google&utm_medium=cpc&utm_campaign=job_feed,Psychiater
https://werkenbij.ggzingeest.nl/vacatures/verpleegkundige-kliniek-high-intensive-care-2-4/?utm_source=google&utm_medium=cpc&utm_campaign=job_feed,Verpleegkundige
https://werkenbij.ggzingeest.nl/vacatures/gz-psycholoog-polikliniek-persoonlijkheidsstoornissen-en-complex-trauma-3/?utm_source=google&utm_medium=cpc&utm_campaign=job_feed,Psycholoog
https://werkenbij.ggzingeest.nl/vacatures/verpleegkundige-woonlocatie-2/?utm_source=google&utm_medium=cpc&utm_campaign=job_feed,Verpleegkundige
https://werkenbij.ggzingeest.nl/vacatures/verpleegkundig-specialist-polikliniek-assadhd-3/?utm_source=google&utm_medium=cpc&utm_campaign=job_feed,Specialist
https://werkenbij.ggzingeest.nl/vacatures/verpleegkundig-specialist-hope-slotervaart-basis-ggz/?utm_source=google&utm_medium=cpc&utm_campaign=job_feed,Specialist
https://werkenbij.ggzingeest.nl/vacatures/plaatsvervangend-vs-opleider-2/?utm_source=google&utm_medium=cpc&utm_campaign=job_feed,Zorg
https://werkenbij.ggzingeest.nl/vacatures/gz-psycholoog-polikliniek-assadhd/?utm_source=google&utm_medium=cpc&utm_campaign=job_feed,Psycholoog
https://werkenbij.ggzingeest.nl/vacatures/opleidingsplaats-verpleegkundige-niveau-4-duaal-regulier-3/?utm_source=google&utm_medium=cpc&utm_campaign=job_feed,Verpleegkundige
https://werkenbij.ggzingeest.nl/vacatures/ict-servicedesk-medewerker-4/?utm_source=google&utm_medium=cpc&utm_campaign=job_feed,Zorg
https://werkenbij.ggzingeest.nl/vacatures/nacht-verpleegkundige-begeleider-high-care/?utm_source=google&utm_medium=cpc&utm_campaign=job_feed,Verpleegkundige
https://werkenbij.ggzingeest.nl/vacatures/psychiater-polikliniek-assadhd/?utm_source=google&utm_medium=cpc&utm_campaign=job_feed,Psychiater
https://werkenbij.ggzingeest.nl/vacatures/ambulant-verpleegkundige-i/?utm_source=google&utm_medium=cpc&utm_campaign=job_feed,Verpleegkundige
https://werkenbij.ggzingeest.nl/vacatures/gz-psycholoog-kortdurende-basis-ggz/?utm_source=google&utm_medium=cpc&utm_campaign=job_feed,Psycholoog
https://werkenbij.ggzingeest.nl/vacatures/gz-psycholoog-polikliniek-persoonlijkheidsstoornissen-complex-trauma/?utm_source=google&utm_medium=cpc&utm_campaign=job_feed,Psycholoog
https://werkenbij.ggzingeest.nl/vacatures/begeleider-kliniek-high-intensive-care-2-5/?utm_source=google&utm_medium=cpc&utm_campaign=job_feed,Begeleider
https://werkenbij.ggzingeest.nl/vacatures/verpleegkundige-kliniek-ouderen-2-3/?utm_source=google&utm_medium=cpc&utm_campaign=job_feed,Verpleegkundige
https://werkenbij.ggzingeest.nl/vacatures/gz-psycholoog-polikliniek-angst-en-depressie/?utm_source=google&utm_medium=cpc&utm_campaign=job_feed,Psycholoog
https://werkenbij.ggzingeest.nl/vacatures/verpleegkundig-specialist-polikliniek-persoonlijkheidsstoornissen/?utm_source=google&utm_medium=cpc&utm_campaign=job_feed,Specialist
https://werkenbij.ggzingeest.nl/vacatures/ambulant-verpleegkundigebegeleider-fact-teams-amsterdam-nieuw-west-2-4-2/?utm_source=google&utm_medium=cpc&utm_campaign=job_feed,Verpleegkundige
https://werkenbij.ggzingeest.nl/vacatures/verpleegkundig-specialist-hope-hoofddorp-basis-ggz/?utm_source=google&utm_medium=cpc&utm_campaign=job_feed,Specialist
https://werkenbij.ggzingeest.nl/vacatures/verpleegkundig-specialist-fact/?utm_source=google&utm_medium=cpc&utm_campaign=job_feed,Specialist
https://werkenbij.ggzingeest.nl/vacatures/basisarts-high-intensive-care-2-5/?utm_source=google&utm_medium=cpc&utm_campaign=job_feed,Arts
https://werkenbij.ggzingeest.nl/vacatures/ambulant-verpleegkundige-polikliniek-bipolair-topggz/?utm_source=google&utm_medium=cpc&utm_campaign=job_feed,Verpleegkundige
https://werkenbij.ggzingeest.nl/vacatures/casemanager-fact-amstelland-1/?utm_source=google&utm_medium=cpc&utm_campaign=job_feed,Casemanager
https://werkenbij.ggzingeest.nl/vacatures/mboverpleegkundige-psychiatrie/?utm_source=google&utm_medium=cpc&utm_campaign=job_feed,Verpleegkundige
https://werkenbij.ggzingeest.nl/vacatures/gz-psycholoog-polikliniek-depressie/?utm_source=google&utm_medium=cpc&utm_campaign=job_feed,Psycholoog
https://werkenbij.ggzingeest.nl/vacatures/ambulant-verpleegkundigebegeleider-fact-ouderen-amstelveen-3/?utm_source=google&utm_medium=cpc&utm_campaign=job_feed,Verpleegkundige
https://werkenbij.ggzingeest.nl/vacatures/opleidingsplaats-verpleegkundige-niveau-6-duaal-verkort/?utm_source=google&utm_medium=cpc&utm_campaign=job_feed,Verpleegkundige
https://werkenbij.ggzingeest.nl/vacatures/gz-psycholoog-polikliniek-angst-depressie/?utm_source=google&utm_medium=cpc&utm_campaign=job_feed,Psycholoog
https://werkenbij.ggzingeest.nl/vacatures/ambulant-verpleegkundige-iht-2-4/?utm_source=google&utm_medium=cpc&utm_campaign=job_feed,Verpleegkundige
https://werkenbij.ggzingeest.nl/vacatures/flexibele-verpleegkundig-specialist-fact/?utm_source=google&utm_medium=cpc&utm_campaign=job_feed,Specialist
https://werkenbij.ggzingeest.nl/vacatures/basisarts-klinieken-amstelmere/?utm_source=google&utm_medium=cpc&utm_campaign=job_feed,Arts
https://werkenbij.ggzingeest.nl/vacatures/gz-psycholoog-vervolgkliniek/?utm_source=google&utm_medium=cpc&utm_campaign=job_feed,Psycholoog
https://werkenbij.ggzingeest.nl/vacatures/verpleegkundige-neuromodulatie-amsterdam/?utm_source=google&utm_medium=cpc&utm_campaign=job_feed,Verpleegkundige
https://werkenbij.ggzingeest.nl/vacatures/begeleiderverpleegkundige-flexpool-4/?utm_source=google&utm_medium=cpc&utm_campaign=job_feed,Verpleegkundige
https://werkenbij.ggzingeest.nl/vacatures/ambulant-verpleegkundigebegeleider-fact-ouderen-amsterdam-zuid-1/?utm_source=google&utm_medium=cpc&utm_campaign=job_feed,Verpleegkundige
https://werkenbij.ggzingeest.nl/vacatures/nacht-verpleegkundige-of-begeleider-kliniek-ouderen/?utm_source=google&utm_medium=cpc&utm_campaign=job_feed,Verpleegkundige
https://werkenbij.ggzingeest.nl/vacatures/begeleider-amsterdam-kliniek-high-intensive-care-1/?utm_source=google&utm_medium=cpc&utm_campaign=job_feed,Begeleider
https://werkenbij.ggzingeest.nl/vacatures/psychiater-polikliniek-psychosomatiek-1/?utm_source=google&utm_medium=cpc&utm_campaign=job_feed,Psychiater
https://werkenbij.ggzingeest.nl/vacatures/verpleegkundige-iii-vervolgkliniek-open/?utm_source=google&utm_medium=cpc&utm_campaign=job_feed,Verpleegkundige
https://werkenbij.ggzingeest.nl/vacatures/psychiater-crisisdienst-iht/?utm_source=google&utm_medium=cpc&utm_campaign=job_feed,Psychiater
https://werkenbij.ggzingeest.nl/vacatures/flexibele-psychiater-fact/?utm_source=google&utm_medium=cpc&utm_campaign=job_feed,Psychiater
https://werkenbij.ggzingeest.nl/vacatures/basisarts-fact-amstelveen-1/?utm_source=google&utm_medium=cpc&utm_campaign=job_feed,Arts
https://werkenbij.ggzingeest.nl/vacatures/servicemedewerker-ii/?utm_source=google&utm_medium=cpc&utm_campaign=job_feed,Zorg
https://werkenbij.ggzingeest.nl/vacatures/begeleider-kliniek-high-care-amstelveen/?utm_source=google&utm_medium=cpc&utm_campaign=job_feed,Begeleider
https://werkenbij.ggzingeest.nl/vacatures/ambulant-verpleegkundige-begeleider-polikliniek-persoonlijkheidsstoornissen-2/?utm_source=google&utm_medium=cpc&utm_campaign=job_feed,Verpleegkundige
https://werkenbij.ggzingeest.nl/vacatures/psychiater-kliniek-amstelmere/?utm_source=google&utm_medium=cpc&utm_campaign=job_feed,Psychiater
https://werkenbij.ggzingeest.nl/vacatures/triagist-crisisdienst/?utm_source=google&utm_medium=cpc&utm_campaign=job_feed,Zorg
https://werkenbij.ggzingeest.nl/vacatures/coordinerend-verpleegkundige-of-begeleider-kliniek-ouderen-1/?utm_source=google&utm_medium=cpc&utm_campaign=job_feed,Verpleegkundige
https://werkenbij.ggzingeest.nl/vacatures/verpleegkundige-vervolgkliniek-2/?utm_source=google&utm_medium=cpc&utm_campaign=job_feed,Verpleegkundige
https://werkenbij.ggzingeest.nl/vacatures/verpleegkundige-iii-vervolgkliniek-gesloten-nieuw-team/?utm_source=google&utm_medium=cpc&utm_campaign=job_feed,Verpleegkundige
https://werkenbij.ggzingeest.nl/vacatures/gz-psycholoog-ectkliniek-ouderen/?utm_source=google&utm_medium=cpc&utm_campaign=job_feed,Psycholoog
https://werkenbij.ggzingeest.nl/vacatures/ambulant-verpleegkundigebegeleider-fact-teams-amsterdam-nieuw-west-7/?utm_source=google&utm_medium=cpc&utm_campaign=job_feed,Verpleegkundige
https://werkenbij.ggzingeest.nl/vacatures/klinisch-psycholoog-polikliniek-persoonlijkheidsstoornissen-1/?utm_source=google&utm_medium=cpc&utm_campaign=job_feed,Psycholoog
https://werkenbij.ggzingeest.nl/vacatures/ambulant-verpleegkundigebegeleider-fact-flexpool-2/?utm_source=google&utm_medium=cpc&utm_campaign=job_feed,Verpleegkundige
https://werkenbij.ggzingeest.nl/vacatures/gz-psycholoog-fact-haarlem-centrum-3/?utm_source=google&utm_medium=cpc&utm_campaign=job_feed,Psycholoog
https://werkenbij.ggzingeest.nl/vacatures/verpleegkundig-specialist-persoonlijkheidsstoornissen/?utm_source=google&utm_medium=cpc&utm_campaign=job_feed,Specialist
https://werkenbij.ggzingeest.nl/vacatures/ambulant-verpleegkundige-iht-2-5/?utm_source=google&utm_medium=cpc&utm_campaign=job_feed,Verpleegkundige
https://werkenbij.ggzingeest.nl/vacatures/begeleider-i-en-ii-vervolgkliniek-open/?utm_source=google&utm_medium=cpc&utm_campaign=job_feed,Begeleider
https://werkenbij.ggzingeest.nl/vacatures/verpleegkundig-specialist-fact-amstelland/?utm_source=google&utm_medium=cpc&utm_campaign=job_feed,Specialist
https://werkenbij.ggzingeest.nl/vacatures/verzorgende-ig-kliniek-ouderen-amsterdam/?utm_source=google&utm_medium=cpc&utm_campaign=job_feed,Zorg
https://werkenbij.ggzingeest.nl/vacatures/verpleegkundige-gesloten-kliniek-ouderen/?utm_source=google&utm_medium=cpc&utm_campaign=job_feed,Verpleegkundige
https://werkenbij.ggzingeest.nl/vacatures/gz-psycholoog-fact-osdorp/?utm_source=google&utm_medium=cpc&utm_campaign=job_feed,Psycholoog
https://werkenbij.ggzingeest.nl/vacatures/ambulant-verpleegkundigebegeleider-fact-rivierenbuurt-de-pijp-1/?utm_source=google&utm_medium=cpc&utm_campaign=job_feed,Verpleegkundige
https://werkenbij.ggzingeest.nl/vacatures/klinisch-psycholoogpsychotherapeut-polikliniek-bipolaire-stoornissen-topggz-2/?utm_source=google&utm_medium=cpc&utm_campaign=job_feed,Psycholoog
https://werkenbij.ggzingeest.nl/vacatures/opleidingsplaats-verpleegkundige-niveau-6-duaal-regulier/?utm_source=google&utm_medium=cpc&utm_campaign=job_feed,Verpleegkundige
https://werkenbij.ggzingeest.nl/vacatures/basisarts-crisisdienst-3/?utm_source=google&utm_medium=cpc&utm_campaign=job_feed,Arts
https://werkenbij.ggzingeest.nl/vacatures/basisarts-polikliniek-ouderen/?utm_source=google&utm_medium=cpc&utm_campaign=job_feed,Arts
https://werkenbij.ggzingeest.nl/vacatures/verpleegkundige-i-en-ii-vervolgkliniek-open/?utm_source=google&utm_medium=cpc&utm_campaign=job_feed,Verpleegkundige
https://werkenbij.ggzingeest.nl/vacatures/verpleegkundige-kliniek-high-care-amstelveen-2/?utm_source=google&utm_medium=cpc&utm_campaign=job_feed,Verpleegkundige
https://werkenbij.ggzingeest.nl/vacatures/verpleegkundige-triagist-spoedeisende-psychiatrie-kennemerland/?utm_source=google&utm_medium=cpc&utm_campaign=job_feed,Verpleegkundige
https://werkenbij.ggzingeest.nl/vacatures/klinisch-psycholoog/?utm_source=google&utm_medium=cpc&utm_campaign=job_feed,Psycholoog
https://werkenbij.ggzingeest.nl/vacatures/basisarts-fact-ouderen-amstelveen-1/?utm_source=google&utm_medium=cpc&utm_campaign=job_feed,Arts
https://werkenbij.ggzingeest.nl/vacatures/gz-psycholoog-ouderen-gesloten-1/?utm_source=google&utm_medium=cpc&utm_campaign=job_feed,Psycholoog
https://werkenbij.ggzingeest.nl/vacatures/verpleegkundig-specialist-hope-basis-ggz-4/?utm_source=google&utm_medium=cpc&utm_campaign=job_feed,Specialist
https://werkenbij.ggzingeest.nl/vacatures/klinisch-psycholoog-polikliniek-depressie-topggz/?utm_source=google&utm_medium=cpc&utm_campaign=job_feed,Psycholoog
https://werkenbij.ggzingeest.nl/vacatures/gz-psycholoog-fact-de-pijprivierenbuurt/?utm_source=google&utm_medium=cpc&utm_campaign=job_feed,Psycholoog
https://werkenbij.ggzingeest.nl/vacatures/verpleegkundig-specialist-vervolgkliniek-1/?utm_source=google&utm_medium=cpc&utm_campaign=job_feed,Specialist
https://werkenbij.ggzingeest.nl/vacatures/klinisch-psycholoog-polikliniek-angst-en-depressie-2-3/?utm_source=google&utm_medium=cpc&utm_campaign=job_feed,Psychiater
https://werkenbij.ggzingeest.nl/vacatures/verpleegkundige-kliniek-high-care-2-4/?utm_source=google&utm_medium=cpc&utm_campaign=job_feed,Verpleegkundige
https://werkenbij.ggzingeest.nl/vacatures/begeleider-i-en-ii-vervolgkliniek-gesloten-nieuw-team/?utm_source=google&utm_medium=cpc&utm_campaign=job_feed,Begeleider
https://werkenbij.ggzingeest.nl/vacatures/verpleegkundige-amsterdam-kliniek-high-intensive-care/?utm_source=google&utm_medium=cpc&utm_campaign=job_feed,Verpleegkundige
https://werkenbij.ggzingeest.nl/vacatures/verpleegkundig-specialist-crisisdienst-iht/?utm_source=google&utm_medium=cpc&utm_campaign=job_feed,Specialist
https://werkenbij.ggzingeest.nl/vacatures/nachtverpleegkundige-vig-of-begeleider-vervolgkliniek/?utm_source=google&utm_medium=cpc&utm_campaign=job_feed,Verpleegkundige
https://werkenbij.ggzingeest.nl/vacatures/psychiater-polikliniek-persoonlijkheidsstoornissen-1/?utm_source=google&utm_medium=cpc&utm_campaign=job_feed,Psychiater
https://werkenbij.ggzingeest.nl/vacatures/klinisch-psycholoog-fact-slotervaart/?utm_source=google&utm_medium=cpc&utm_campaign=job_feed,Psycholoog
https://werkenbij.ggzingeest.nl/vacatures/verpleegkundig-specialist-polikliniek-jongvolwassenen/?utm_source=google&utm_medium=cpc&utm_campaign=job_feed,Specialist
https://werkenbij.ggzingeest.nl/vacatures/basisarts-vervolgkliniek-2/?utm_source=google&utm_medium=cpc&utm_campaign=job_feed,Arts
https://werkenbij.ggzingeest.nl/vacatures/informatiemanager/?utm_source=google&utm_medium=cpc&utm_campaign=job_feed,Zorg
https://werkenbij.ggzingeest.nl/vacatures/verpleegkundig-specialist-fact-ouderen-amstelveen/?utm_source=google&utm_medium=cpc&utm_campaign=job_feed,Specialist
https://werkenbij.ggzingeest.nl/vacatures/corporate-recruiter-4/?utm_source=google&utm_medium=cpc&utm_campaign=job_feed,Zorg
https://werkenbij.ggzingeest.nl/vacatures/begeleider-verpleegkundige-flexpool-nacht/?utm_source=google&utm_medium=cpc&utm_campaign=job_feed,Verpleegkundige
https://werkenbij.ggzingeest.nl/vacatures/gz-psycholoog-fact-ouderen-amstelveen-1/?utm_source=google&utm_medium=cpc&utm_campaign=job_feed,Psycholoog
https://werkenbij.ggzingeest.nl/vacatures/hboverpleegkundige-in-de-psychiatrie/?utm_source=google&utm_medium=cpc&utm_campaign=job_feed,Verpleegkundige
https://werkenbij.ggzingeest.nl/vacatures/psychotherapeut-of-klinisch-psycholoog-polikliniek-bipolaire-stoornissen-topggz/?utm_source=google&utm_medium=cpc&utm_campaign=job_feed,Psycholoog
https://werkenbij.ggzingeest.nl/vacatures/medewerker-zorgcontrol/?utm_source=google&utm_medium=cpc&utm_campaign=job_feed,Zorg
https://werkenbij.ggzingeest.nl/vacatures/flexibele-psychiater-klinieken/?utm_source=google&utm_medium=cpc&utm_campaign=job_feed,Psychiater
https://werkenbij.ggzingeest.nl/vacatures/verpleegkundig-specialist-polikliniek-bipolaire-stoornissen/?utm_source=google&utm_medium=cpc&utm_campaign=job_feed,Specialist
https://werkenbij.ggzingeest.nl/vacatures/psychiater-high-intensive-care-kliniek/?utm_source=google&utm_medium=cpc&utm_campaign=job_feed,Psychiater
https://werkenbij.ggzingeest.nl/vacatures/culinair-coach/?utm_source=google&utm_medium=cpc&utm_campaign=job_feed,Zorg
https://werkenbij.ggzingeest.nl/vacatures/psychiater-polikliniek-ouderen-open/?utm_source=google&utm_medium=cpc&utm_campaign=job_feed,Psychiater
https://werkenbij.ggzingeest.nl/vacatures/ambulant-begeleider-ii-ggz-agoog-verpleegkundige-ambit/?utm_source=google&utm_medium=cpc&utm_campaign=job_feed,Verpleegkundige
https://werkenbij.ggzingeest.nl/vacatures/verpleegkundig-specialist-fact-hoofddorp-1/?utm_source=google&utm_medium=cpc&utm_campaign=job_feed,Specialist
https://werkenbij.ggzingeest.nl/vacatures/opleidingsplaats-verpleegkundige-niveau-4-duaal-verkort-1/?utm_source=google&utm_medium=cpc&utm_campaign=job_feed,Verpleegkundige
https://werkenbij.ggzingeest.nl/vacatures/specialist-ouderengeneeskunde-fact-ouderen-amstelveen/?utm_source=google&utm_medium=cpc&utm_campaign=job_feed,Specialist
https://werkenbij.ggzingeest.nl/vacatures/basisarts-amsterdam-high-care/?utm_source=google&utm_medium=cpc&utm_campaign=job_feed,Arts
https://werkenbij.ggzingeest.nl/vacatures/verpleegkundige-i-en-ii-vervolgkliniek-gesloten-nieuw-team/?utm_source=google&utm_medium=cpc&utm_campaign=job_feed,Verpleegkundige
https://werkenbij.ggzingeest.nl/vacatures/ambulant-verpleegkundigebegeleider-fact-locatie-amstelveen/?utm_source=google&utm_medium=cpc&utm_campaign=job_feed,Verpleegkundige
https://werkenbij.ggzingeest.nl/vacatures/verpleegkundig-specialist-polikliniek-angst-en-dwang-topggz-2/?utm_source=google&utm_medium=cpc&utm_campaign=job_feed,Specialist
https://werkenbij.ggzingeest.nl/vacatures/gz-psycholoog-vip-en-edit/?utm_source=google&utm_medium=cpc&utm_campaign=job_feed,Psycholoog
